{
    "trust": 0.44999999999999996,
    "respect": 0.47000000000000003,
    "attachment": 0.31,
    "annoyance": 0.05,
    "interaction_count": 37,
    "positive_interactions": 1,
    "negative_interactions": 1,
    "last_interaction": "2026-01-29T00:11:23.937980",
    "memorable_moments": []
}